{
    "libs_namespace": "owl_u",
    "libs": ["services/modelService.jsx"],
    "obj_prefixes": ["owl_u"],
    "list_prefixes": ["owl_u"],
    "isApi":true,
    "initPage":"init/init.jsx",
    "#meta":{"rem":"用户","parent":["platform"],"visitType":["platform"],"projectName":"用户","export":[{"label":"导出完整","mainTitleFormat":{"background":"#474747","color":"#cccccc"},"subTitleFormat":{"background":"#777777","color":"#ffffff"},"subRecordFormat":{"background":"#ffffff","color":"#000000"},"mainRecordFormat":{"background":"#555555","color":"#FFFFFF"},"key":"completeDoc","fields":["*"]}]}
}