{
    "libs_namespace": "owl_shop",
    "libs": ["services/modelService.jsx"],
    "obj_prefixes": ["owl_shop"],
    "list_prefixes": ["owl_shop"],
    "isApi":true,
    "initPage":"init/init.jsx",
    "#meta":{"rem":"店铺","parent":["subplatform"],"visitType":["platform"],"projectName":"店铺","export":[{"label":"导出完整","mainTitleFormat":{"background":"#474747","color":"#cccccc"},"subTitleFormat":{"background":"#777777","color":"#ffffff"},"subRecordFormat":{"background":"#ffffff","color":"#000000"},"mainRecordFormat":{"background":"#555555","color":"#FFFFFF"},"key":"completeDoc","fields":["*"]}]}
}